Time,Username,Emotion,Duration,Accuracy
12:38:46,Guest,SAD,18.33,68.66
22:36:15,chinnu,SAD,24.35,10.91
22:36:53,chinnu,HAPPY,17.53,98.85
09:13:54,chinnu,SURPRISED,26.33,53.33
09:26:47,Soujanya Pawar,SURPRISED,10.75,0.00
09:37:12,Soujanya Pawar,SAD,15.82,54.84
10:14:21,Soujanya Pawar,SURPRISED,24.11,0.00
10:14:42,Soujanya Pawar,SURPRISED,5.79,0.00
18:58:52,Soujanya Pawar,NEUTRAL,37.55,47.76
18:59:32,Soujanya Pawar,HAPPY,29.18,0.00
10:38:58,chinnu,SAD,11.71,0.00
12:11:38,madhu,HAPPY,17.16,65.67
12:26:43,madhu,NEUTRAL,5.68,24.56
12:27:32,madhu,SAD,21.65,0.00
12:32:35,madhu,SAD,8.28,0.00
12:33:07,madhu,SAD,9.22,0.00
